{"stats":{"minecraft:picked_up":{"minecraft:bone":2,"minecraft:gold_nugget":1},"minecraft:custom":{"minecraft:time_since_rest":30098,"minecraft:crouch_one_cm":1554,"minecraft:sprint_one_cm":1136,"minecraft:play_time":30098,"minecraft:walk_one_cm":11525,"minecraft:sneak_time":800,"minecraft:walk_under_water_one_cm":67,"minecraft:mob_kills":2,"minecraft:jump":73,"minecraft:damage_dealt":1189,"minecraft:leave_game":2,"minecraft:time_since_death":30098,"minecraft:walk_on_water_one_cm":80,"minecraft:total_world_time":30098,"minecraft:fly_one_cm":203027},"minecraft:used":{"minecraft:stone_bricks":188,"minecraft:calcite":28,"minecraft:oak_log":110,"minecraft:smooth_basalt":8,"minecraft:moss_block":15,"minecraft:stone_axe":33,"minecraft:diorite":8,"minecraft:netherite_sword":12,"minecraft:infested_cracked_stone_bricks":64,"minecraft:stone_stairs":2,"minecraft:blackstone":13,"minecraft:oak_wood":18,"minecraft:mossy_stone_brick_stairs":44,"minecraft:iron_sword":10,"minecraft:infested_stone_bricks":22,"minecraft:stone_brick_stairs":2,"minecraft:mossy_cobblestone_stairs":36,"minecraft:mossy_stone_brick_slab":2},"minecraft:killed":{"minecraft:wither_skeleton":1,"minecraft:slime":1}},"DataVersion":3700}